-- MySQL dump 10.13  Distrib 8.0.41, for Win64 (x86_64)
--
-- Host: localhost    Database: bin
-- ------------------------------------------------------
-- Server version	8.0.41

/*!40101 SET @OLD_CHARACTER_SET_CLIENT=@@CHARACTER_SET_CLIENT */;
/*!40101 SET @OLD_CHARACTER_SET_RESULTS=@@CHARACTER_SET_RESULTS */;
/*!40101 SET @OLD_COLLATION_CONNECTION=@@COLLATION_CONNECTION */;
/*!50503 SET NAMES utf8 */;
/*!40103 SET @OLD_TIME_ZONE=@@TIME_ZONE */;
/*!40103 SET TIME_ZONE='+00:00' */;
/*!40014 SET @OLD_UNIQUE_CHECKS=@@UNIQUE_CHECKS, UNIQUE_CHECKS=0 */;
/*!40014 SET @OLD_FOREIGN_KEY_CHECKS=@@FOREIGN_KEY_CHECKS, FOREIGN_KEY_CHECKS=0 */;
/*!40101 SET @OLD_SQL_MODE=@@SQL_MODE, SQL_MODE='NO_AUTO_VALUE_ON_ZERO' */;
/*!40111 SET @OLD_SQL_NOTES=@@SQL_NOTES, SQL_NOTES=0 */;

--
-- Table structure for table `administrator`
--

DROP TABLE IF EXISTS `administrator`;
/*!40101 SET @saved_cs_client     = @@character_set_client */;
/*!50503 SET character_set_client = utf8mb4 */;
CREATE TABLE `administrator` (
  `ID` int NOT NULL AUTO_INCREMENT,
  `name` varchar(255) NOT NULL,
  `gender` varchar(45) NOT NULL,
  `email` varchar(255) NOT NULL,
  `contact` varchar(45) NOT NULL,
  `password` varchar(255) NOT NULL,
  PRIMARY KEY (`ID`)
) ENGINE=InnoDB AUTO_INCREMENT=15 DEFAULT CHARSET=utf8mb4 COLLATE=utf8mb4_0900_ai_ci;
/*!40101 SET character_set_client = @saved_cs_client */;

--
-- Dumping data for table `administrator`
--

LOCK TABLES `administrator` WRITE;
/*!40000 ALTER TABLE `administrator` DISABLE KEYS */;
INSERT INTO `administrator` VALUES (1,'LARRY BILL','male','lamyongqin@gmail.com','016-3679616','Yongqin_1101'),(2,'JOHN HARRY','male','scpg2300128@segi4u.my','012-4047785','Yqlam@1101');
/*!40000 ALTER TABLE `administrator` ENABLE KEYS */;
UNLOCK TABLES;

--
-- Table structure for table `bin`
--

DROP TABLE IF EXISTS `bin`;
/*!40101 SET @saved_cs_client     = @@character_set_client */;
/*!50503 SET character_set_client = utf8mb4 */;
CREATE TABLE `bin` (
  `ID` int NOT NULL AUTO_INCREMENT,
  `block` varchar(45) NOT NULL,
  `level` int NOT NULL,
  `status` varchar(45) NOT NULL DEFAULT 'available',
  `cat1_accumulation` int NOT NULL DEFAULT '0',
  `cat2_accumulation` int NOT NULL DEFAULT '0',
  `cat3_accumulation` int NOT NULL DEFAULT '0',
  PRIMARY KEY (`ID`)
) ENGINE=InnoDB AUTO_INCREMENT=3 DEFAULT CHARSET=utf8mb4 COLLATE=utf8mb4_0900_ai_ci;
/*!40101 SET character_set_client = @saved_cs_client */;

--
-- Dumping data for table `bin`
--

LOCK TABLES `bin` WRITE;
/*!40000 ALTER TABLE `bin` DISABLE KEYS */;
INSERT INTO `bin` VALUES (1,'A',29,'available',31,53,25);
/*!40000 ALTER TABLE `bin` ENABLE KEYS */;
UNLOCK TABLES;

--
-- Table structure for table `bin_history`
--

DROP TABLE IF EXISTS `bin_history`;
/*!40101 SET @saved_cs_client     = @@character_set_client */;
/*!50503 SET character_set_client = utf8mb4 */;
CREATE TABLE `bin_history` (
  `ID` int NOT NULL AUTO_INCREMENT,
  `binID` int NOT NULL,
  `cat1_accumulation` int NOT NULL,
  `cat2_accumulation` int NOT NULL,
  `cat3_accumulation` int NOT NULL,
  `creation` datetime NOT NULL,
  `collection` datetime DEFAULT NULL,
  `status` varchar(45) CHARACTER SET utf8mb4 COLLATE utf8mb4_0900_ai_ci NOT NULL DEFAULT 'uncollected',
  `collectorID` int DEFAULT NULL,
  PRIMARY KEY (`ID`)
) ENGINE=InnoDB AUTO_INCREMENT=178 DEFAULT CHARSET=utf8mb4 COLLATE=utf8mb4_0900_ai_ci;
/*!40101 SET character_set_client = @saved_cs_client */;

--
-- Dumping data for table `bin_history`
--

LOCK TABLES `bin_history` WRITE;
/*!40000 ALTER TABLE `bin_history` DISABLE KEYS */;
INSERT INTO `bin_history` VALUES (90,1,85,0,0,'2025-04-15 09:44:13','2025-04-15 09:49:21','unavailable',2),(92,1,85,0,0,'2025-04-15 20:58:31','2025-04-15 20:59:44','unavailable',2),(93,1,82,0,0,'2025-04-15 21:00:22','2025-04-15 21:00:45','unavailable',1),(94,1,86,0,0,'2025-04-15 21:01:27','2025-04-15 21:06:47','unavailable',2),(95,1,89,0,0,'2025-04-15 21:09:10','2025-04-15 21:11:23','unavailable',2),(97,1,85,0,0,'2025-04-16 08:32:47','2025-04-16 08:33:39','unavailable',2),(98,1,86,0,0,'2025-04-16 08:36:30','2025-04-16 08:37:16','unavailable',1),(100,1,90,0,0,'2025-04-16 15:15:26','2025-04-16 15:15:45','unavailable',1),(104,1,83,0,0,'2025-04-20 10:16:27','2025-04-20 10:17:58','unavailable',2),(105,1,89,0,0,'2025-05-01 22:07:17','2025-05-01 22:08:09','unavailable',1),(107,1,82,0,0,'2025-05-02 13:04:28','2025-05-02 13:05:51','unavailable',2),(109,1,93,0,0,'2025-05-27 12:13:23','2025-05-27 12:14:23','unavailable',2),(110,1,90,0,0,'2025-05-29 02:43:07','2025-05-29 02:44:00','unavailable',2),(114,1,85,0,0,'2025-05-29 10:01:23','2025-05-29 10:02:39','unavailable',1),(115,1,91,0,0,'2025-05-29 10:30:55','2025-05-29 10:32:13','unavailable',1),(116,1,87,0,0,'2025-05-29 10:39:16','2025-05-29 10:40:49','unavailable',2),(119,1,92,0,0,'2025-05-29 11:43:43','2025-05-29 11:43:52','unavailable',2),(120,1,90,0,0,'2025-05-29 11:43:59','2025-05-29 11:44:08','unavailable',1),(121,1,90,0,0,'2025-05-29 12:03:19','2025-05-29 12:03:40','unavailable',1),(122,1,89,0,0,'2025-05-29 12:16:52','2025-05-29 12:22:32','unavailable',1),(123,1,86,0,0,'2025-05-29 12:46:52','2025-05-29 12:47:53','unavailable',2),(124,1,86,0,0,'2025-05-29 12:48:14','2025-05-29 12:48:28','unavailable',2),(125,1,89,0,0,'2025-05-29 13:03:41','2025-05-29 13:04:25','unavailable',1),(126,1,83,0,0,'2025-05-29 13:35:47','2025-05-29 13:37:13','unavailable',1),(127,1,85,0,0,'2025-05-29 13:43:27','2025-05-29 13:44:58','unavailable',1),(128,1,80,0,0,'2025-05-29 13:55:15','2025-05-29 13:56:23','unavailable',1),(129,1,86,0,0,'2025-05-29 13:59:20','2025-05-29 14:01:12','unavailable',1),(130,1,82,0,0,'2025-05-29 14:01:25','2025-05-29 14:01:57','unavailable',1),(131,1,91,0,0,'2025-05-29 14:08:41','2025-05-29 14:14:11','unavailable',2),(132,1,87,0,0,'2025-05-29 14:39:50','2025-05-29 14:41:37','unavailable',2),(133,1,90,0,0,'2025-05-29 15:03:30','2025-05-29 15:04:34','unavailable',1),(134,1,80,0,0,'2025-05-29 15:04:59','2025-05-29 15:05:33','unavailable',2),(135,1,80,0,0,'2025-05-30 09:41:44','2025-05-30 09:41:57','unavailable',2),(136,1,83,0,0,'2025-05-30 09:51:46','2025-05-30 09:53:40','unavailable',1),(137,1,82,0,0,'2025-05-30 10:01:30','2025-05-30 10:02:42','unavailable',1),(138,1,100,0,0,'2025-05-30 10:23:37','2025-05-30 10:23:55','unavailable',1),(139,1,100,0,0,'2025-05-30 10:24:35','2025-05-30 10:25:43','unavailable',1),(140,1,85,0,0,'2025-05-30 10:25:52','2025-05-30 10:26:10','unavailable',1),(141,1,100,0,0,'2025-05-30 10:31:22','2025-05-30 10:31:42','unavailable',1),(142,1,100,0,0,'2025-05-30 10:36:02','2025-05-30 10:37:20','unavailable',1),(143,1,100,0,0,'2025-05-30 10:44:27','2025-05-30 10:47:59','unavailable',2),(144,1,89,0,0,'2025-05-30 10:50:15','2025-05-30 10:50:37','unavailable',2),(145,1,86,0,0,'2025-05-30 11:11:23','2025-05-30 11:12:20','unavailable',1),(146,1,85,0,0,'2025-05-30 11:19:35','2025-05-30 11:20:14','unavailable',1),(147,1,90,0,0,'2025-05-30 11:32:52','2025-05-30 11:33:16','unavailable',2),(148,1,86,0,0,'2025-05-30 11:33:34','2025-05-30 11:33:57','unavailable',1),(149,1,80,0,0,'2025-05-30 11:47:41','2025-05-30 11:52:13','unavailable',1),(150,1,86,0,0,'2025-05-30 11:53:14','2025-05-30 11:56:49','unavailable',1),(151,1,86,0,0,'2025-05-30 11:57:55','2025-05-30 11:59:29','unavailable',1),(152,1,87,0,0,'2025-05-30 12:13:17','2025-05-30 12:14:27','unavailable',1),(153,1,89,0,0,'2025-05-30 12:28:22','2025-05-30 12:29:31','unavailable',1),(154,1,82,0,0,'2025-05-30 12:47:08','2025-06-26 21:49:36','unavailable',1),(155,1,82,0,0,'2025-05-30 12:48:17','2025-05-30 12:48:30','unavailable',2),(156,1,80,0,0,'2025-05-30 13:32:30','2025-05-30 13:33:22','unavailable',2),(157,1,82,0,0,'2025-05-30 13:37:45','2025-05-30 13:38:22','unavailable',2),(161,1,18,100,28,'2025-06-24 21:58:01','2025-06-25 01:17:14','unavailable',1),(162,1,0,100,0,'2025-06-25 01:19:40','2025-06-25 01:20:07','unavailable',1),(163,1,24,100,29,'2025-06-25 01:27:43',NULL,'unavailable',NULL),(165,1,20,89,30,'2025-06-25 20:09:40','2025-06-25 20:10:20','unavailable',2),(166,1,0,0,91,'2025-06-25 20:13:45','2025-06-25 20:15:04','unavailable',2),(167,1,20,0,84,'2025-06-25 22:58:10','2025-06-26 01:39:33','unavailable',2),(168,1,0,0,83,'2025-06-26 01:52:06','2025-06-26 01:58:22','unavailable',2),(170,1,0,2,100,'2025-06-26 05:04:34','2025-06-26 05:05:25','unavailable',2),(171,1,28,5,100,'2025-06-26 10:14:25','2025-06-26 10:15:46','unavailable',1),(172,1,0,91,67,'2025-06-26 10:39:20','2025-06-26 10:39:45','unavailable',2),(173,1,0,100,53,'2025-06-26 10:46:56','2025-06-26 10:51:47','unavailable',2),(174,1,0,0,82,'2025-06-26 10:57:08',NULL,'unavailable',NULL),(175,1,0,100,76,'2025-06-26 11:04:03','2025-06-26 11:23:06','unavailable',1),(176,1,0,100,53,'2025-06-26 11:44:42','2025-06-26 11:46:46','unavailable',2),(177,1,0,0,100,'2025-06-26 11:51:19',NULL,'unavailable',NULL);
/*!40000 ALTER TABLE `bin_history` ENABLE KEYS */;
UNLOCK TABLES;

--
-- Table structure for table `cleaner`
--

DROP TABLE IF EXISTS `cleaner`;
/*!40101 SET @saved_cs_client     = @@character_set_client */;
/*!50503 SET character_set_client = utf8mb4 */;
CREATE TABLE `cleaner` (
  `ID` int NOT NULL AUTO_INCREMENT,
  `name` varchar(255) NOT NULL,
  `gender` varchar(45) NOT NULL DEFAULT 'male',
  `IC` varchar(45) NOT NULL,
  `email` varchar(255) NOT NULL,
  PRIMARY KEY (`ID`)
) ENGINE=InnoDB AUTO_INCREMENT=52 DEFAULT CHARSET=utf8mb4 COLLATE=utf8mb4_0900_ai_ci;
/*!40101 SET character_set_client = @saved_cs_client */;

--
-- Dumping data for table `cleaner`
--

LOCK TABLES `cleaner` WRITE;
/*!40000 ALTER TABLE `cleaner` DISABLE KEYS */;
INSERT INTO `cleaner` VALUES (1,'JOHN CARTER','male','010511-07-1459','john@gmail.com'),(2,'MARIA LOPEZ','female','041208-35-7415','lamgp1216@gmail.com');
/*!40000 ALTER TABLE `cleaner` ENABLE KEYS */;
UNLOCK TABLES;

--
-- Table structure for table `disposal_records`
--

DROP TABLE IF EXISTS `disposal_records`;
/*!40101 SET @saved_cs_client     = @@character_set_client */;
/*!50503 SET character_set_client = utf8mb4 */;
CREATE TABLE `disposal_records` (
  `id` int NOT NULL AUTO_INCREMENT,
  `garbage_type` int NOT NULL DEFAULT '4',
  `disposal_datetime` datetime NOT NULL DEFAULT CURRENT_TIMESTAMP,
  PRIMARY KEY (`id`)
) ENGINE=InnoDB AUTO_INCREMENT=346 DEFAULT CHARSET=utf8mb4 COLLATE=utf8mb4_0900_ai_ci;
/*!40101 SET character_set_client = @saved_cs_client */;

--
-- Dumping data for table `disposal_records`
--

LOCK TABLES `disposal_records` WRITE;
/*!40000 ALTER TABLE `disposal_records` DISABLE KEYS */;
INSERT INTO `disposal_records` VALUES (2,2,'2025-04-27 18:16:48'),(5,1,'2025-05-02 18:16:48'),(6,4,'2025-05-02 18:16:48'),(7,4,'2025-05-03 18:16:48'),(8,2,'2025-05-05 18:16:48'),(11,1,'2025-05-08 18:16:48'),(13,4,'2025-05-10 18:16:48'),(14,4,'2025-05-12 18:16:48'),(15,4,'2025-05-15 18:16:48'),(16,2,'2025-05-15 18:16:48'),(17,1,'2025-05-16 18:16:48'),(18,2,'2025-05-17 18:16:48'),(19,2,'2025-05-17 18:16:48'),(22,1,'2025-05-19 18:16:48'),(23,1,'2025-05-20 18:16:48'),(24,4,'2025-05-21 18:16:48'),(25,4,'2025-05-22 18:16:48'),(26,2,'2025-05-22 18:16:48'),(27,1,'2025-05-24 18:16:48'),(28,2,'2025-05-26 18:16:48'),(29,2,'2025-05-29 03:19:06'),(30,4,'2025-05-29 10:08:51'),(31,4,'2025-05-29 10:09:34'),(32,4,'2025-05-29 10:10:14'),(33,4,'2025-05-29 10:29:27'),(34,1,'2025-05-29 10:33:24'),(35,4,'2025-05-29 10:35:16'),(36,4,'2025-05-29 10:38:17'),(37,4,'2025-05-29 10:41:09'),(38,4,'2025-05-29 10:44:09'),(39,4,'2025-05-29 10:52:43'),(40,4,'2025-05-29 10:55:01'),(41,4,'2025-05-29 10:56:35'),(42,2,'2025-05-29 10:57:25'),(43,4,'2025-05-29 11:20:49'),(44,2,'2025-05-29 11:21:24'),(45,4,'2025-05-29 11:22:04'),(46,2,'2025-05-29 11:25:59'),(47,4,'2025-05-29 11:29:15'),(48,4,'2025-05-29 11:37:33'),(49,4,'2025-05-29 11:44:24'),(50,4,'2025-05-29 11:45:25'),(51,4,'2025-05-29 11:51:49'),(52,4,'2025-05-29 11:52:48'),(53,4,'2025-05-29 11:54:06'),(54,4,'2025-05-29 11:54:43'),(55,4,'2025-05-29 11:56:22'),(56,4,'2025-05-29 11:56:54'),(57,4,'2025-05-29 11:58:09'),(58,4,'2025-05-29 11:59:05'),(59,4,'2025-05-29 12:00:47'),(60,4,'2025-05-29 12:01:15'),(61,4,'2025-05-29 12:02:27'),(62,4,'2025-05-29 12:02:57'),(63,4,'2025-05-29 12:10:25'),(64,4,'2025-05-29 12:14:37'),(65,4,'2025-05-29 12:15:13'),(66,4,'2025-05-29 12:16:01'),(67,4,'2025-05-29 12:16:38'),(68,4,'2025-05-29 12:17:22'),(69,4,'2025-05-29 12:17:53'),(70,4,'2025-05-29 12:18:40'),(71,4,'2025-05-29 12:19:21'),(72,1,'2025-05-29 12:21:18'),(73,4,'2025-05-29 12:22:15'),(74,4,'2025-05-29 12:25:31'),(75,4,'2025-05-29 12:26:30'),(76,4,'2025-05-29 12:27:04'),(77,4,'2025-05-29 12:28:01'),(78,4,'2025-05-29 12:48:42'),(79,2,'2025-05-29 12:51:08'),(80,1,'2025-05-29 12:51:36'),(81,2,'2025-05-29 12:56:02'),(82,1,'2025-05-29 13:05:23'),(83,4,'2025-05-29 13:09:52'),(84,4,'2025-05-29 13:11:23'),(85,4,'2025-05-29 13:19:47'),(86,4,'2025-05-29 13:20:24'),(88,4,'2025-05-29 13:28:45'),(89,1,'2025-05-29 13:38:44'),(90,4,'2025-05-29 13:39:22'),(91,4,'2025-05-29 13:40:17'),(92,4,'2025-05-29 13:46:30'),(93,4,'2025-05-29 13:56:15'),(94,4,'2025-05-29 13:57:18'),(95,4,'2025-05-29 14:02:59'),(96,4,'2025-05-29 14:05:01'),(97,4,'2025-05-29 14:06:04'),(98,4,'2025-05-29 14:08:28'),(99,4,'2025-05-29 14:12:09'),(100,4,'2025-05-29 14:13:55'),(101,1,'2025-05-29 14:15:33'),(102,4,'2025-05-29 14:28:56'),(103,4,'2025-05-29 14:33:48'),(104,4,'2025-05-29 14:34:53'),(105,4,'2025-05-29 14:35:40'),(106,4,'2025-05-29 14:42:23'),(107,4,'2025-05-29 14:43:42'),(108,4,'2025-05-29 14:44:22'),(109,4,'2025-05-29 14:46:39'),(110,4,'2025-05-29 14:49:36'),(111,4,'2025-05-29 14:50:09'),(112,4,'2025-05-29 14:51:20'),(113,4,'2025-05-29 14:56:21'),(114,4,'2025-05-29 15:00:46'),(115,4,'2025-05-29 15:01:51'),(116,4,'2025-05-29 15:03:44'),(117,1,'2025-05-29 15:06:29'),(118,4,'2025-05-29 15:07:48'),(119,4,'2025-05-29 15:15:18'),(120,4,'2025-05-29 15:17:42'),(121,4,'2025-05-29 15:19:08'),(122,4,'2025-05-29 15:20:18'),(124,1,'2025-05-29 15:22:22'),(125,4,'2025-05-29 15:22:51'),(126,4,'2025-05-29 15:23:46'),(127,4,'2025-05-29 15:25:06'),(128,4,'2025-05-30 00:17:48'),(129,4,'2025-05-30 09:43:51'),(130,1,'2025-05-30 09:44:30'),(131,4,'2025-05-30 09:45:23'),(132,4,'2025-05-30 09:45:55'),(133,4,'2025-05-30 09:46:26'),(134,4,'2025-05-30 09:47:27'),(135,4,'2025-05-30 09:48:07'),(137,4,'2025-05-30 09:54:06'),(138,4,'2025-05-30 09:54:42'),(139,1,'2025-05-30 09:56:00'),(140,4,'2025-05-30 10:00:51'),(141,4,'2025-05-30 10:01:30'),(142,4,'2025-05-30 10:02:08'),(143,4,'2025-05-30 10:02:40'),(144,4,'2025-05-30 10:03:43'),(145,4,'2025-05-30 10:06:20'),(146,2,'2025-05-30 10:07:13'),(147,2,'2025-05-30 10:07:57'),(148,4,'2025-05-30 10:09:14'),(149,4,'2025-05-30 10:10:49'),(150,4,'2025-05-30 10:18:27'),(151,4,'2025-05-30 10:20:47'),(152,4,'2025-05-30 10:25:49'),(153,2,'2025-05-30 10:26:42'),(154,2,'2025-05-30 10:28:16'),(155,1,'2025-05-30 10:28:50'),(156,1,'2025-05-30 10:38:12'),(157,4,'2025-05-30 10:42:37'),(158,4,'2025-05-30 10:47:11'),(159,4,'2025-05-30 10:47:57'),(160,4,'2025-05-30 10:58:56'),(161,4,'2025-05-30 11:05:50'),(162,1,'2025-05-30 11:13:17'),(163,4,'2025-05-30 11:16:12'),(164,4,'2025-05-30 11:16:51'),(165,1,'2025-05-30 11:21:43'),(166,4,'2025-05-30 11:24:15'),(167,1,'2025-05-30 11:36:09'),(168,4,'2025-05-30 11:37:07'),(169,4,'2025-05-30 11:40:09'),(170,4,'2025-05-30 11:41:40'),(171,4,'2025-05-30 11:42:20'),(172,4,'2025-05-30 11:43:46'),(173,4,'2025-05-30 11:52:33'),(174,4,'2025-05-30 12:01:52'),(175,4,'2025-05-30 12:02:52'),(176,4,'2025-05-30 12:15:06'),(177,1,'2025-05-30 12:15:44'),(178,4,'2025-05-30 12:26:56'),(179,1,'2025-05-30 12:30:47'),(180,1,'2025-05-30 12:49:25'),(181,4,'2025-05-30 12:56:04'),(182,1,'2025-05-30 13:12:32'),(183,4,'2025-05-30 13:32:09'),(184,1,'2025-05-30 13:34:11'),(185,4,'2025-05-30 13:35:35'),(186,4,'2025-05-30 13:36:06'),(188,4,'2025-05-30 13:41:16'),(189,4,'2025-05-30 13:42:03'),(190,4,'2025-05-30 13:43:21'),(191,4,'2025-05-30 13:44:32'),(192,4,'2025-05-30 13:47:44'),(193,4,'2025-05-30 13:50:00'),(194,4,'2025-05-30 13:50:59'),(195,4,'2025-05-30 13:51:47'),(196,4,'2025-05-30 13:52:52'),(197,4,'2025-05-30 13:54:19'),(199,1,'2025-06-22 17:13:40'),(200,1,'2025-06-22 17:14:14'),(201,1,'2025-06-23 06:53:29'),(202,4,'2025-06-24 13:55:17'),(203,4,'2025-06-24 13:57:06'),(204,1,'2025-06-24 13:57:44'),(205,1,'2025-06-24 13:58:43'),(206,1,'2025-06-24 13:59:37'),(207,4,'2025-06-24 14:01:52'),(208,4,'2025-06-24 14:03:53'),(209,4,'2025-06-24 14:08:06'),(210,4,'2025-06-24 14:08:33'),(211,2,'2025-06-24 14:09:26'),(212,4,'2025-06-24 14:09:45'),(213,4,'2025-06-24 14:17:12'),(214,4,'2025-06-24 21:25:06'),(215,4,'2025-06-24 21:28:14'),(216,4,'2025-06-24 21:29:08'),(217,4,'2025-06-24 21:32:59'),(218,2,'2025-06-24 21:33:53'),(219,2,'2025-06-24 21:57:53'),(220,2,'2025-06-25 01:19:32'),(221,1,'2025-06-25 01:20:44'),(222,4,'2025-06-25 01:21:47'),(223,4,'2025-06-25 01:27:01'),(224,2,'2025-06-25 01:27:34'),(225,2,'2025-06-25 01:29:25'),(226,2,'2025-06-25 01:41:31'),(227,2,'2025-06-25 01:44:46'),(228,1,'2025-06-25 01:45:33'),(229,2,'2025-06-25 01:48:16'),(230,2,'2025-06-25 01:51:20'),(231,4,'2025-06-25 19:57:08'),(232,4,'2025-06-25 20:02:58'),(233,1,'2025-06-25 20:03:54'),(234,1,'2025-06-25 20:08:58'),(235,2,'2025-06-25 20:09:30'),(236,4,'2025-06-25 20:11:37'),(237,4,'2025-06-25 20:13:34'),(238,4,'2025-06-25 20:25:20'),(239,4,'2025-06-25 20:27:33'),(240,1,'2025-06-25 20:29:26'),(241,1,'2025-06-25 20:33:39'),(242,4,'2025-06-25 21:04:18'),(243,4,'2025-06-25 22:36:39'),(244,4,'2025-06-25 22:48:38'),(245,4,'2025-06-25 22:49:30'),(246,4,'2025-06-25 22:56:56'),(247,4,'2025-06-25 22:57:28'),(248,4,'2025-06-25 22:57:59'),(249,4,'2025-06-25 23:28:18'),(250,4,'2025-06-25 23:28:48'),(251,4,'2025-06-26 01:21:00'),(252,2,'2025-06-26 01:23:51'),(253,4,'2025-06-26 01:31:50'),(254,4,'2025-06-26 01:33:57'),(255,4,'2025-06-26 01:34:52'),(257,4,'2025-06-26 01:36:33'),(258,1,'2025-06-26 01:38:21'),(259,4,'2025-06-26 01:49:34'),(260,4,'2025-06-26 01:50:11'),(261,4,'2025-06-26 01:51:15'),(262,4,'2025-06-26 01:51:56'),(263,4,'2025-06-26 02:10:56'),(264,4,'2025-06-26 02:11:46'),(265,4,'2025-06-26 02:12:21'),(266,4,'2025-06-26 02:13:08'),(267,4,'2025-06-26 02:14:52'),(268,4,'2025-06-26 02:16:54'),(269,1,'2025-06-26 02:18:55'),(270,4,'2025-06-26 02:19:55'),(271,4,'2025-06-26 02:23:09'),(272,2,'2025-06-26 02:39:46'),(273,4,'2025-06-26 02:46:47'),(274,4,'2025-06-26 02:47:38'),(275,4,'2025-06-26 03:55:48'),(276,4,'2025-06-26 03:59:55'),(277,4,'2025-06-26 04:08:18'),(278,4,'2025-06-26 04:11:28'),(279,4,'2025-06-26 04:12:20'),(280,4,'2025-06-26 04:21:45'),(281,4,'2025-06-26 04:28:56'),(282,4,'2025-06-26 04:29:56'),(283,1,'2025-06-26 04:39:41'),(284,2,'2025-06-26 04:40:32'),(285,4,'2025-06-26 04:45:19'),(286,4,'2025-06-26 04:45:42'),(287,4,'2025-06-26 04:47:55'),(288,4,'2025-06-26 04:53:34'),(289,4,'2025-06-26 04:54:11'),(290,2,'2025-06-26 04:56:02'),(291,4,'2025-06-26 04:56:36'),(292,2,'2025-06-26 04:57:35'),(293,4,'2025-06-26 04:58:02'),(294,4,'2025-06-26 04:59:41'),(295,4,'2025-06-26 05:00:45'),(296,4,'2025-06-26 05:03:32'),(297,4,'2025-06-26 05:04:24'),(298,4,'2025-06-26 05:06:40'),(299,4,'2025-06-26 05:08:30'),(300,4,'2025-06-26 05:09:14'),(302,4,'2025-06-26 05:10:58'),(303,4,'2025-06-26 05:11:39'),(304,4,'2025-06-26 05:12:47'),(305,4,'2025-06-26 05:13:45'),(306,4,'2025-06-26 05:13:59'),(307,4,'2025-06-26 08:59:38'),(308,4,'2025-06-26 09:00:16'),(309,2,'2025-06-26 09:00:57'),(310,4,'2025-06-26 09:15:49'),(311,2,'2025-06-26 09:17:16'),(312,2,'2025-06-26 09:18:42'),(313,4,'2025-06-26 09:37:39'),(314,4,'2025-06-26 09:38:49'),(315,4,'2025-06-26 09:41:07'),(316,1,'2025-06-26 09:44:17'),(317,4,'2025-06-26 10:08:38'),(318,4,'2025-06-26 10:10:59'),(319,4,'2025-06-26 10:14:13'),(320,2,'2025-06-26 10:37:11'),(321,4,'2025-06-26 10:38:01'),(322,4,'2025-06-26 10:38:44'),(323,2,'2025-06-26 10:39:11'),(324,4,'2025-06-26 10:45:39'),(325,2,'2025-06-26 10:46:46'),(326,4,'2025-06-26 10:56:58'),(327,4,'2025-06-26 11:02:41'),(328,4,'2025-06-26 11:03:12'),(329,2,'2025-06-26 11:03:53'),(330,4,'2025-06-26 11:18:38'),(331,4,'2025-06-26 11:30:57'),(332,2,'2025-06-26 11:41:06'),(333,4,'2025-06-26 11:42:03'),(334,2,'2025-06-26 11:43:21'),(335,2,'2025-06-26 11:44:34'),(336,4,'2025-06-26 11:51:07'),(337,4,'2025-07-14 22:45:26'),(338,4,'2025-07-14 22:47:07'),(339,2,'2025-07-14 22:47:46'),(340,1,'2025-07-14 22:48:14'),(341,4,'2025-07-15 00:06:00'),(342,4,'2025-07-15 00:33:41'),(343,4,'2025-07-15 00:34:32'),(344,4,'2025-07-15 00:35:26'),(345,4,'2025-07-15 00:36:45');
/*!40000 ALTER TABLE `disposal_records` ENABLE KEYS */;
UNLOCK TABLES;

--
-- Table structure for table `garbage_type`
--

DROP TABLE IF EXISTS `garbage_type`;
/*!40101 SET @saved_cs_client     = @@character_set_client */;
/*!50503 SET character_set_client = utf8mb4 */;
CREATE TABLE `garbage_type` (
  `id` int NOT NULL AUTO_INCREMENT,
  `category` varchar(255) CHARACTER SET utf8mb4 COLLATE utf8mb4_0900_ai_ci DEFAULT '',
  `color_code` varchar(255) NOT NULL DEFAULT '#FFFFFF',
  PRIMARY KEY (`id`)
) ENGINE=InnoDB AUTO_INCREMENT=6 DEFAULT CHARSET=utf8mb4 COLLATE=utf8mb4_0900_ai_ci;
/*!40101 SET character_set_client = @saved_cs_client */;

--
-- Dumping data for table `garbage_type`
--

LOCK TABLES `garbage_type` WRITE;
/*!40000 ALTER TABLE `garbage_type` DISABLE KEYS */;
INSERT INTO `garbage_type` VALUES (1,'Paper','#5BC0EB'),(2,'Plastic','#FFA94D'),(3,'Metal','#7F8C8D'),(4,'General Waste','#9BC53D'),(5,'Food Waste','#A0522D');
/*!40000 ALTER TABLE `garbage_type` ENABLE KEYS */;
UNLOCK TABLES;
/*!40103 SET TIME_ZONE=@OLD_TIME_ZONE */;

/*!40101 SET SQL_MODE=@OLD_SQL_MODE */;
/*!40014 SET FOREIGN_KEY_CHECKS=@OLD_FOREIGN_KEY_CHECKS */;
/*!40014 SET UNIQUE_CHECKS=@OLD_UNIQUE_CHECKS */;
/*!40101 SET CHARACTER_SET_CLIENT=@OLD_CHARACTER_SET_CLIENT */;
/*!40101 SET CHARACTER_SET_RESULTS=@OLD_CHARACTER_SET_RESULTS */;
/*!40101 SET COLLATION_CONNECTION=@OLD_COLLATION_CONNECTION */;
/*!40111 SET SQL_NOTES=@OLD_SQL_NOTES */;

-- Dump completed on 2025-08-16 18:26:45
